{
    "epoch": 8.533333333333333,
    "total_flos": 7788533779786752.0,
    "train_loss": 0.4545459610410035,
    "train_runtime": 1619.3473,
    "train_samples_per_second": 7.386,
    "train_steps_per_second": 0.445
}